row_id;physical_stack_height_m;stack_exit_velocity_m_s;stack_diameter_m;stack_effluent_temp_deg_c;air_temperature_deg_c;effective_release_height_m;wind_speed_h=10_m_m_s;wind_direction_degrees;wind_from_the;wind_speed_h=h-eff_m_s;stability_class;receptor_height_m;inversion_layer_height;sample_time_min;breathing_rate_m3_sec;distance_coordinates;maximum_dose_distance_km_;maximum_tede_sv;inner_contour_dose_sv;middle_contour_dose_sv;outer_contour_dose_sv;exceeds_inner_dose_out_to_km;exceeds_middle_dose_out_to_km;exceeds_outer_dose_out_to_km;distance_km;tede_sv;respirable_time-integrated_air_concentration_bq-sec_m3;ground_surface_deposition_kbq_m2;ground_shine_dose_rate_sv_hr;arrival_time_hour:min;skin;surface_bone;spleen;breast;uli_wall;thymus;kidneys;pancreas;lung;red_marrow;ovaries;stomach_wall;lli_wall;esophagus;testes;brain;thyroid;liver;adrenals;si_wall;bladder_wall;muscle;uterus;inhalation_plume_passage;submersion_plume_passage;ground_shine
1;;;;;;0.00e+00;3.00e+00;1.95e+02;SSW;2.68e+00;A;1.50e+00;None;1.00e+01;3.33e-04;All;1.00e-02;2.80e+00;1.00e-01;8.00e-02;5.00e-02;5.80e-02;6.50e-02;;3.00e-02;3.70e-01;1.10e+11;3.30e+05;6.60e-04;00:01;4.50e-01;3.80e-01;3.70e-01;3.50e-01;3.80e-01;3.40e-01;3.70e-01;3.60e-01;3.80e-01;3.60e-01;3.50e-01;3.70e-01;3.80e-01;3.30e-01;3.80e-01;6.00e-02;3.50e-01;3.70e-01;3.90e-01;3.80e-01;3.80e-01;3.50e-01;3.80e-01;;;
2;;;;;;0.00e+00;3.00e+00;1.95e+02;SSW;2.68e+00;B;1.50e+00;None;1.00e+01;3.33e-04;All;1.00e-02;4.40e+00;1.00e-03;8.00e-04;5.00e-04;8.90e-01;1.00e+00;;3.00e-02;8.20e-01;2.30e+11;7.60e+05;1.50e-03;00:01;1.00e+00;8.30e-01;8.00e-01;7.60e-01;8.30e-01;7.40e-01;8.00e-01;7.80e-01;8.30e-01;7.90e-01;7.60e-01;8.00e-01;8.40e-01;7.30e-01;8.30e-01;1.40e-01;7.60e-01;8.00e-01;8.60e-01;8.30e-01;8.20e-01;7.60e-01;8.30e-01;;;
3;;;;;;0.00e+00;3.00e+00;1.95e+02;SSW;2.55e+00;C;1.50e+00;None;1.00e+01;3.33e-04;All;1.00e-02;5.60e+00;1.00e-03;8.00e-04;5.00e-04;1.40e+00;1.60e+00;;3.00e-02;1.70e+00;4.70e+11;1.70e+06;3.50e-03;00:01;2.20e+00;1.70e+00;1.70e+00;1.60e+00;1.70e+00;1.50e+00;1.70e+00;1.60e+00;1.70e+00;1.60e+00;1.60e+00;1.70e+00;1.70e+00;1.50e+00;1.70e+00;3.10e-01;1.60e+00;1.70e+00;1.80e+00;1.70e+00;1.70e+00;1.60e+00;1.70e+00;;;
4;;;;;;0.00e+00;3.00e+00;1.95e+02;SSW;2.36e+00;D;1.50e+00;None;1.00e+01;3.33e-04;All;1.00e-02;7.30e+00;1.00e-03;8.00e-04;5.00e-04;2.90e+00;3.30e+00;;3.00e-02;3.00e+00;8.10e+11;3.50e+06;7.00e-03;00:01;4.00e+00;3.10e+00;3.00e+00;2.80e+00;3.00e+00;2.70e+00;3.00e+00;2.90e+00;3.00e+00;2.90e+00;2.80e+00;2.90e+00;3.10e+00;2.70e+00;3.10e+00;6.30e-01;2.80e+00;2.90e+00;3.10e+00;3.10e+00;3.00e+00;2.80e+00;3.00e+00;;;
5;;;;;;0.00e+00;3.00e+00;1.95e+02;SSW;1.71e+00;E;1.50e+00;None;1.00e+01;3.33e-04;All;1.00e-02;2.20e+01;1.00e-03;8.00e-04;5.00e-04;5.50e+00;6.50e+00;;3.00e-02;5.20e+00;9.90e+11;1.20e+07;2.50e-02;00:01;1.00e+01;6.00e+00;5.00e+00;5.00e+00;5.10e+00;4.70e+00;5.00e+00;4.80e+00;5.20e+00;5.10e+00;4.90e+00;5.00e+00;5.20e+00;4.50e+00;5.40e+00;2.10e+00;5.00e+00;5.00e+00;5.20e+00;5.10e+00;5.10e+00;5.10e+00;5.10e+00;;;
6;;;;;;0.00e+00;3.00e+00;1.95e+02;SSW;1.24e+00;F;1.50e+00;None;1.00e+01;3.33e-04;All;1.00e-02;8.50e+01;1.00e-03;8.00e-04;5.00e-04;9.40e+00;1.10e+01;;3.00e-02;8.60e+00;1.00e+11;4.40e+07;8.70e-02;00:01;2.80e+01;1.20e+01;7.90e+00;8.70e+00;7.80e+00;7.80e+00;7.90e+00;7.20e+00;8.30e+00;8.40e+00;8.00e+00;7.80e+00;8.00e+00;7.10e+00;9.10e+00;7.50e+00;8.70e+00;7.90e+00;7.50e+00;7.70e+00;7.90e+00;8.90e+00;7.60e+00;;;
